onelink_ip	action
#71.6.87.18	REMOVE
106.120.244.43	REMOVE
106.120.244.43	REMOVE
115.254.57.234	REMOVE
115.254.57.234	REMOVE
122.200.135.2	REMOVE
122.200.135.2	REMOVE
173.12.172.41	REMOVE
173.12.172.41	REMOVE
207.223.244.10	REMOVE
207.223.244.10	REMOVE
207.223.244.4	REMOVE
207.223.244.4	REMOVE
208.184.125.17	REMOVE
208.184.125.17	REMOVE
208.65.185.158	REMOVE
208.65.185.158	REMOVE
209.227.8.2	REMOVE
209.227.8.2	REMOVE
212.98.165.50	REMOVE
212.98.165.50	REMOVE
217.21.60.211	REMOVE
217.21.60.211	REMOVE
217.23.124.154	REMOVE
217.23.124.154	REMOVE
38.121.133.2	REMOVE
38.121.133.2	REMOVE
38.126.127.162	REMOVE
38.126.127.162	REMOVE
5.9.155.217	REMOVE
5.9.155.217	REMOVE
5.9.155.218	REMOVE
5.9.155.218	REMOVE
5.9.69.251	REMOVE
5.9.69.251	REMOVE
50.247.126.101	REMOVE
50.247.126.101	REMOVE
50.78.252.161	REMOVE
50.78.252.161	REMOVE
50.78.252.162	REMOVE
50.78.252.162	REMOVE
50.78.252.163	REMOVE
50.78.252.163	REMOVE
50.78.252.164	REMOVE
50.78.252.164	REMOVE
50.78.252.165	REMOVE
50.78.252.165	REMOVE
64.106.168.36	REMOVE
64.106.168.36	REMOVE
64.106.168.62	REMOVE
64.106.168.62	REMOVE
67.221.227.210	REMOVE
67.221.227.210	REMOVE
67.221.227.68	REMOVE
67.221.227.68	REMOVE
77.246.37.132	REMOVE
77.246.37.132	REMOVE
80.169.247.150	REMOVE
80.169.247.150	REMOVE
80.169.84.222	REMOVE
80.169.84.222	REMOVE
89.216.29.91	REMOVE
89.216.29.91	REMOVE
98.103.251.234	REMOVE
98.103.251.234	REMOVE
98.103.251.235	REMOVE
98.103.251.235	REMOVE
98.103.251.236	REMOVE
98.103.251.236	REMOVE
98.103.251.237	REMOVE
98.103.251.237	REMOVE
98.103.251.238	REMOVE
98.103.251.238	REMOVE
